Precipitation,Mean Temperature,Humidity,Deaths
99.5,23.4,9.9,0.020750614
99.2,22.3,9.2,0.020712328
94.7,22.2,9,0.020382944
69.6,22.8,9.4,0.020552488
94.7,23.1,9.8,0.02078199
82,23.1,9.7,0.020525215
109.9,23.1,9.5,0.020893572
92,23.3,9.9,0.02130788
69.8,23.4,9.7,0.021907626
94,23.4,9.8,0.021729968
57.5,23.4,9.7,0.021595547
63.8,23.9,10,0.021582942
71.7,23.5,9.8,0.021685455
110.7,23.7,10,0.021690243
112.2,23.3,9.7,0.021683656
76,23.4,9.9,0.021487513
100,23.4,9.8,0.021318602
89,23.4,9.7,0.021486777
85.3,23.1,9.8,0.021039036
102.8,23.7,9.9,0.020945366
95.2,24,10.1,0.020371752
99.4,23.6,9.9,0.020291824
89.1,23.5,9.9,0.020433756
87.8,23.3,9.7,0.019798179
81.6,23.8,10,0.019987391
948.1,21.9,17.5,25.19897733
1015.8,21.8,17.3,25.5364901
838.3,21.9,17.4,25.65767722
955.8,21.9,17.5,26.42226187
904.2,21.8,17.6,27.2113267
843.3,22.1,17.8,28.23479705
914.3,21.9,17.5,29.1180473
1014.7,22.3,17.9,31.08759613
998.9,22.3,18.1,35.3986667
998,21.7,17.3,39.06037815
1023.9,21.8,17.4,41.76864663
1001,21.9,17.8,47.44760022
994.3,22.1,17.9,55.51850424
988.7,22.2,18,60.26176665
1014.1,21.9,17.7,70.76812833
972,22.5,18.2,73.39186467
1018.9,21.6,17.5,70.13953658
1012.6,21.6,17.3,64.33624602
1000,21.6,17.3,54.51123524
1023.2,21.9,17.7,44.93915247
1006.4,22.1,17.9,39.04144444
998.5,21.6,17.2,34.3307302
1003.1,21.6,17.5,32.39454398
934.2,21.9,17.6,33.53334396
990.8,21.7,17.6,32.14327397
901.9,28.3,22.7,91.66627507
1181.9,27.6,23.1,91.59262723
962.7,27.4,21.2,91.27482484
946,27.7,22.2,91.31577371
1120.2,27.4,22,92.21413474
1120.3,27.7,22.5,93.11613444
1052.7,27.8,22.9,93.07008238
1041.7,27.7,22.4,92.53240315
1124.3,28.2,23,93.53429946
1152.3,27.8,22.6,94.77333681
951.2,27.8,22.2,95.88982543
864.2,27.9,22.3,104.8086679
1015.3,28,22.7,112.7772466
1198.9,28.2,23.4,122.4228675
1091,28.1,23.6,138.1132677
943.9,28.3,23.7,139.660128
951.2,28.3,23.4,138.0551678
1126,28.1,23.3,131.5768471
1221.6,27.9,22.5,119.0353655
1053.3,28.4,24.4,105.0843566
1120.9,28.5,24.2,95.61732133
936,28.2,23.3,87.07663231
1122,28,23.5,84.64046191
960.2,28.2,23.6,80.23734664
1024,28.3,23.6,73.50475955
275,22.2,16.6,1.114284969
440.2,21.6,16.5,1.053549677
217.4,22.4,16.9,1.040449752
289.5,22.3,17.1,1.032684776
296.1,22.1,16.6,1.019775674
329.1,22.7,17.5,1.038891339
444.8,22.2,17.2,1.073850251
445.9,22.3,17,1.128202629
386.2,22.9,17.7,1.143145235
310.9,22.7,17.2,1.245113849
487.4,22.1,16.8,1.281816514
473,22.4,17.3,1.162420528
330.7,22.7,17.4,1.063659431
349.3,22.8,17.3,1.036757755
433.8,22.7,17.4,1.166822756
357.1,23.3,17.9,1.111169584
478.2,22,16.6,1.234220463
367.2,22.2,16.7,1.047064741
391.8,22.2,16.7,1.01849363
415.3,22.9,17.4,0.939258084
526.9,22.7,17.3,0.937676087
508.3,22.1,16.8,0.936072626
351.6,22.4,16.9,0.816363713
369.6,22.3,16.8,0.805997714
433.1,22.1,16.9,0.874941638
630.5,28.7,18.5,238.9822595
808.5,28.4,19.4,246.3405199
731.8,28,18.1,251.3808094
682.3,28.7,18.9,255.8249774
948.7,28.1,18.9,256.8128099
732.2,28.4,19.1,256.5624822
719.3,28.6,18.8,257.5627162
687.3,28.6,18.9,255.3377154
785.5,29,19.5,256.8603493
798.4,28.5,18.9,262.309763
692,28.6,18.7,275.8146194
715.7,28.7,18.7,281.3085452
655.4,29,18.5,286.2932644
898.3,28.9,19.2,287.7017839
700.5,29,19.3,283.2176298
761.7,29.2,19.3,278.1389887
742.9,28.8,18.5,275.6230752
798.2,29,19.1,273.2723791
795.2,28.4,18.1,272.5583202
806,29.1,19.9,265.8892094
785.9,29.3,20,257.1774139
691,29.1,19.3,242.273578
852.2,28.7,19.6,224.7665854
754.4,28.9,19.8,205.7664123
813.1,29,19.9,189.8278351
1124.5,20,18.4,255.5914497
1123,20.1,17.8,254.120386
1088.7,20.1,18.1,251.1642621
957.4,20,18,249.8569485
1210.3,19.9,17.9,243.3000736
1099.8,20.6,18.6,240.724751
1024.6,20.3,18.3,239.121251
1344.7,20.6,18.7,234.9565784
1210.4,20.4,18.6,237.1879485
994.2,20.2,18.2,236.7638362
991.1,20.4,18.4,234.5479572
1135.3,20.7,19.3,232.2761788
1375.7,21,19.4,228.1749055
1086.3,21.2,19.9,209.9590988
1054,20.7,18.9,180.1600913
1063.1,21.3,19.4,133.0032812
1292.6,20.7,18.8,114.3174639
1295.4,20.5,18.8,104.5382392
1071.5,20.4,18.7,98.63392522
1362.2,20.9,19.2,97.68408546
1394.7,21,19.1,94.82771909
1208.6,20.7,19,84.45965713
1093.7,20.4,18.6,70.51654972
1260.7,20.5,18.6,67.49605425
1199.4,20.8,19,59.22178302
1607.3,25.2,22.5,103.5144967
1542.8,25,22.1,109.9712279
1555.7,24.6,21.6,114.8105391
1625.8,24.7,21.8,119.9177685
1563.5,24.7,21.7,125.242568
1478.5,24.9,22.1,130.9342963
1617.8,24.8,21.9,137.1792482
1758,25.1,22.4,141.2138682
1528.5,25.5,22.7,148.5599642
1660.8,24.9,21.8,155.523451
1697.5,24.7,21.9,160.3653584
1689,24.7,22.1,170.2662939
1623.8,24.9,22.2,189.1867712
1638,25.1,22.4,199.8113286
1517.8,25.1,22.4,206.48117
1483.2,25.3,22.6,204.3710568
1636.6,25,22.2,188.4982707
1738.6,25,22.2,176.2247011
1595.2,24.8,22,159.0269607
1538.2,25.4,22.6,140.154546
1492,25.4,22.9,131.0393411
1354,25.1,22.2,123.7305041
1598.5,25,22.3,116.4253776
1422.1,25,22.4,116.7635834
1485.2,25.2,22.5,113.6468039
1264.1,25.5,21.8,72.10902169
1355.5,25.3,21.3,74.11429582
1319.9,24.9,21,75.02948411
1316.5,25,21.2,78.16882736
1297.1,24.9,20.9,80.33038038
1373.8,25.2,21.5,84.35421431
1374.2,25.2,21.4,88.78788929
1423.7,26,22.3,91.56294194
1399.7,25.8,22.1,96.50157072
1455.9,25,21.2,103.5597422
1297.4,25.3,21.5,106.3455186
1312.4,25.4,21.5,109.9083664
1230.1,25.6,21.9,113.6396137
1370.2,25.8,22.2,118.4863906
1271.6,25.9,22.3,121.4149505
1287,26.1,22.4,122.8829605
1359.4,25.7,22,136.6919343
1382.2,25.9,22.2,133.4374402
1316.3,25.6,21.9,124.2137209
1289.2,26.1,22.5,113.5125369
1380.5,26.1,22.5,103.5939624
1321.4,25.5,21.8,92.36862594
1389.9,25.6,21.8,84.63152215
1426.2,25.7,22.1,75.71570107
1396.5,25.7,22,72.58179729
234.7,27.2,13.7,57.87253092
307.5,27.3,13.6,58.96779969
285.4,26.3,13.1,59.21993187
244.3,27,13.5,60.76069083
375,26.7,13.2,61.70014646
313.4,27,13.5,62.71558958
291.3,27.3,13.7,63.32487876
302.9,27.4,13.9,63.84324297
336.9,27.6,14.1,65.52135441
322.4,27.4,13.7,67.75210264
287.1,26.8,13.5,67.13712815
285,27.2,13.7,63.12765439
249.7,27.5,13.9,62.66035028
300.5,27.7,14,64.19453218
323.9,28,14.2,63.3603882
357.6,27.9,14.1,63.78215914
355.4,27.6,13.9,70.10246194
386.3,27.9,14.1,62.19487617
348.9,27.7,14,59.12074518
292.8,28.3,14.3,57.60043679
383,28.4,14.4,51.95346702
334.8,27.5,13.8,47.18034802
401.4,27.7,13.9,45.23771223
318.7,27.8,14,44.28149213
350.3,27.8,14.1,42.79010093
1715.6,24.9,25.5,66.22650813
1569.2,24.9,25.2,67.46434047
1528.7,24.6,24.9,68.27684796
1511,24.5,24.8,69.53906618
1680.4,24.6,24.8,72.71717693
1631.8,24.8,25.2,76.72811427
1522.2,24.6,25,79.59869103
1718.6,25.2,25.7,84.91189796
1589.7,25.4,25.9,89.68187067
1789.6,24.6,24.8,96.0730352
1667,24.6,25,98.54321219
1490.5,24.8,25.4,103.0028094
1680.6,25,25.5,103.9568627
1544,24.9,25.5,107.1118829
1460.5,24.8,25.3,104.9947047
1535,25,25.8,108.65211
1572.6,24.9,25.5,93.54881774
1622.1,24.8,25.4,81.4146324
1619.6,24.6,25,70.96949437
1717.1,24.9,25.5,62.93803214
1580.3,25.1,25.8,57.64761045
1565.8,24.7,25.1,57.93520639
1656.3,24.7,25.2,58.26656694
1579.7,24.9,25.4,57.65233813
1545.8,24.8,25.4,59.16708146
295.2,28.7,28.2,0.076941553
155.7,28.3,27.2,0.076623492
262.5,28,26.7,0.07579204
289.6,27.9,26.7,0.078270008
294.3,28.2,27,0.07977048
283.5,28.4,27.2,0.086892711
86.6,28.5,27.3,0.095750588
180.6,28.4,26.8,0.122155745
193.2,29.1,27.8,0.159644894
365.7,28.2,26.9,0.234378164
304.9,28.4,26.8,0.235451622
223.3,28.4,26.8,0.353930331
197.4,28.7,27.2,0.629490784
197.7,28.9,27.6,0.944424712
219.7,28.3,26.9,0.83515106
186.4,28.3,27,0.781315472
235.1,28.5,27.3,0.549663403
197,28.5,27.3,0.353975085
198.5,27.8,26.4,0.102410338
193.6,29,27.6,0.048712882
236.2,28.8,27.5,0.030044804
217,28.6,27.1,0.034446903
208.9,28.7,27.3,0.054313305
290.7,28.7,27.2,0.085846092
264.7,28.6,27.3,0.086511959
41,22.4,11.4,0.008488549
57.1,22.4,11.5,0.008396611
42.3,21.7,11,0.008243814
53.4,22.6,11.5,0.008303739
54.3,22.6,11.8,0.008363087
27,22.6,11.6,0.00823793
31.8,22.9,11.7,0.008299669
40.1,22.4,11.4,0.00836413
46.8,23.2,12.1,0.008287967
26.3,23.2,12.2,0.008292068
46.5,22.3,11.8,0.008182194
25.9,23.1,12.2,0.008364392
39.4,23.2,12.3,0.008428585
31.8,23,12.2,0.008465928
35.4,23.1,11.9,0.008425646
38.5,23.1,11.9,0.008409
29.5,23,12,0.008506093
29.3,23.1,12.2,0.008483893
33.7,23.5,12.3,0.008556183
32.5,23.4,12.4,0.008672679
29.4,24.7,13.1,0.00869413
31.8,22.8,12.2,0.008608481
35.4,23.4,12.6,0.008619597
41,23.3,12.3,0.00845753
43.7,23.6,12.6,0.008442817
2348.9,24.9,26.8,132.7368235
2133,24.8,26.6,151.6537918
1915.7,24.6,26.1,167.1488644
1842.3,24.6,26.2,181.0202902
2366.5,24.6,26.2,193.9642573
2247,25,26.7,199.9971041
2402.6,24.9,26.3,210.6215417
2098,24.9,26.8,207.707882
2190.3,25.5,27.2,210.2811176
2412,24.8,26.4,210.5589735
2210.5,24.8,26.5,205.6769197
2281,24.7,26.7,195.8089094
2487.7,25,26.9,189.5318228
2384.9,25.1,27,192.8582864
2330.5,24.8,26.6,211.8200194
1897,25,27,194.4942448
2378,25,26.8,165.1857275
2610.6,24.9,26.5,159.6289586
2285.9,24.8,26.4,151.3767365
2354.4,25,26.9,125.3713847
2029.9,25.2,27.3,126.8325219
1849,25,26.8,146.5132137
2625.8,25,26.8,144.2531054
1935.4,24.9,26.6,135.4021768
2058.8,25.1,27,112.1435735
212.5,26.3,20.9,14.88529688
369.9,25.9,20.8,14.44034799
383.4,25.1,20,14.28513418
361.7,25.8,20.5,14.34771288
377.5,25.8,20.7,14.36147322
379.3,25.7,20.9,14.92422923
329.6,26.1,20.8,15.14433253
349.2,26,20.3,15.51029244
457.9,26.5,21.1,15.1752352
360.9,26.2,20.8,15.61786328
464.6,26,20.4,15.50742854
382.1,26.1,20.7,15.88158301
337.1,26.5,20.8,12.22534886
358.2,26.5,21.2,11.69722179
325.1,26.1,20.6,11.19367758
426.3,26.2,20.8,11.19047068
363,26.2,21,10.49688922
424.4,26.2,20.9,9.581633578
369.7,26.1,20.6,8.387134633
314.1,26.7,21,7.507259854
320.7,26.8,21.5,7.731567017
298.7,26.3,20.7,6.752522727
312,26.7,21.1,6.610260096
327,26.6,21,6.535287262
401.6,26.4,21.1,6.727768988
749.1,22.4,17.4,26.98414879
767.4,22.5,17.1,26.54791655
747.4,22.4,17.1,26.22707706
807.8,22.2,16.8,25.92524215
838.1,22.3,17.1,26.05360394
714.8,22.7,17.4,25.92144679
821.2,22.6,17.2,25.14461986
869.8,22.5,16.9,24.5053019
863.6,22.7,17.2,24.02452342
730.1,22.2,16.6,23.65931686
895.1,22.5,16.8,23.39619102
779.9,22.6,16.9,26.63297759
669.6,22.9,17.2,26.75423186
747,23,17.4,26.94594689
818.9,22.8,17.1,26.16545278
833.9,22.8,17,24.99648982
867.7,22.8,17.3,15.00469738
835.5,22.7,17.3,11.18947648
842.8,22.4,16.8,5.440635209
746.5,23.2,17.5,2.845146259
889,22.9,17.5,2.165512168
821.1,22.9,17.3,1.619249284
872.8,22.8,17.2,1.626916764
1018.1,23,17.3,1.526582935
907.5,23,17.3,1.364280541
1869.6,25.3,26.5,86.2015302
1779.2,25.3,26.3,89.97181973
1622.1,25,25.9,90.41434541
1681.1,25,25.9,86.3944021
1834.8,25,25.9,83.68957377
1754.8,25.4,26.4,83.92606254
1709.8,25.3,26.1,82.33098016
1827,25.4,26.6,81.72885687
2001.6,26,27,83.00478834
1988.8,25.3,26.1,83.35590985
1854.8,25.2,26.2,79.10414542
1820,25.3,26.4,78.29726417
1971.4,25.6,26.7,73.69807072
1863.3,25.5,26.7,68.63016472
1745,25.2,26.3,60.36087277
1627.8,25.4,26.7,54.92718937
1921.8,25.4,26.5,48.04597864
2025,25.3,26.4,41.90053972
1898.3,25.2,26,39.66104994
1997.9,25.4,26.5,40.74674768
1781,25.5,26.8,43.37977145
1749.3,25.4,26.4,48.11363219
2079.5,25.4,26.4,52.77454116
1916.3,25.4,26.4,54.31603778
1870.7,25.5,26.6,51.24345119
655.1,28.1,21.3,76.11773721
705.3,28,20.8,76.73053901
784.4,28,20.7,75.9328157
735.8,28.1,21.2,75.84844441
918.7,27.8,20.4,74.94184428
828,28,21,72.54861628
708.5,28.2,21.3,72.20653866
770.5,28.3,21.4,70.55213861
696.2,28.8,21.7,71.1853
1073,27.8,20.9,71.42605495
900,28,21.4,71.47884161
718.6,28.2,21.1,57.22680967
635.9,28.4,21.4,49.72456371
948,28.1,21.4,45.86021955
753,28.3,21.3,38.33244002
973.2,28.6,21.6,30.5018627
899.4,28.2,21.3,26.07623452
747.9,28.4,21.1,23.38109837
942.8,28.4,21.4,22.59949387
967.2,28,21.2,18.25918208
1061.2,28.8,21.7,18.33908999
779.3,28.3,21.1,19.72465474
1073.5,28.3,21.4,20.31511827
1002.6,28.4,21.4,18.34949329
959.3,28.4,21.3,15.88145274
1008.5,27.8,24.8,86.30426802
1330.7,27.3,25.2,90.73568362
929.2,27.1,24.1,91.98564643
1069.8,27.4,24.9,93.08135919
1123.5,27.3,24.6,94.07918162
1146.4,27.6,24.9,95.87182508
1194,27.5,25.1,97.35601634
1203.3,27.5,25,97.65223916
964.8,28.1,25.3,99.73002973
1278.6,27.4,25,102.216732
1019.6,27.6,24.6,105.157305
1031.7,27.5,24.4,110.2375809
1220.4,27.5,25.1,115.2098013
1209.9,27.7,25.5,124.7077259
1118.9,27.7,25.6,125.7269457
1122.3,27.9,25.7,122.9357782
1092.5,27.6,25.4,118.113335
1300.7,27.6,25.3,118.5949278
1331.3,27.4,24.6,120.4794178
1194.2,27.6,26,115.7571139
1262,28.1,26.3,110.4168885
1162.5,27.8,25.2,101.3432698
1190.3,27.5,25.2,91.76913
1086.3,27.7,25.5,83.3642371
1163.7,27.9,25.9,78.304443
1493.5,26,21.2,127.899598
1556.9,26,21.3,131.180862
1539,25.7,20.7,130.7499176
1508.1,25.9,21.3,130.4028613
1904,25.6,20.7,131.0222484
1641.8,26,21.1,132.0257189
1639.6,26.2,21.5,131.9375954
1662.6,26.1,21.4,129.5056787
1700.4,26.7,22,129.5966611
1711.3,26.1,21.2,135.3444485
1652.6,26,21.4,138.6800307
1490.9,26.2,21.1,150.3075664
1504.7,26.2,21.3,158.3804316
1834.8,26.3,21.7,168.832257
1685.8,26.5,21.7,181.7312093
1570.6,26.6,21.9,181.6228084
1605.2,26.3,21.4,178.8540235
1373,26.4,21.4,173.0456127
1744.9,25.9,21,165.2340798
1545.9,26.2,21.6,151.5536962
1917.5,26.6,21.9,145.8202105
1599.4,26.3,21.6,139.3403699
1660.7,26.2,21.6,131.1000886
1704.5,26.3,21.8,127.2602556
1668.5,26.3,21.6,120.5805458
1300.1,27.1,23.7,105.2631355
1557.2,27.1,23.3,103.6164155
1545.6,26.9,23.1,101.433528
1445.5,27,23.8,98.9566541
1844.1,26.8,23.1,96.24097373
1451.8,27.2,23.5,94.92808274
1504.3,27.3,23.7,93.15704533
1578.9,27.3,23.6,91.17795775
1655.1,27.8,24.2,91.84951217
1891.8,27.4,23.5,91.12294864
1714.7,27.3,23.9,98.92013298
1459.1,27.3,23.6,85.24401278
1280.1,27.3,23.9,72.68174422
1736.2,27.3,23.9,60.76014065
1587.3,27.4,23.9,48.35113584
1198.6,27.9,24.1,38.38617849
1766,27.4,23.8,31.54828028
1332.6,27.5,23.6,29.57806672
1807.9,27.3,23.8,29.24219399
1680,27.2,23.8,27.92823153
1620.3,27.8,24.1,27.46327093
1507.3,27.3,23.6,27.56150771
1499.4,27.4,23.7,25.48073217
1682.6,27.5,23.8,26.58077881
1368.8,27.4,23.8,24.72710048
709.1,24.7,20.5,49.30930102
559.8,25,20.5,51.30643549
567.5,24.9,20.6,51.75470598
604,24.9,20.1,51.58219486
678.3,24.8,20.6,51.26096091
665.5,25.2,21,51.57253746
510.7,25.1,20.7,51.11310377
1033.6,25.2,20.5,50.54384311
688.9,25.2,20.7,51.43091903
604.1,25.1,20.2,51.30192908
447.3,25.3,20.6,41.95962959
596.3,25.3,20.7,46.82670177
725.4,25.8,21,42.59086926
639.5,25.8,21.1,44.7406363
694,25.5,20.7,39.25981069
586.4,25.4,20.7,31.40476484
713.8,25.6,21,25.73765533
689.2,25.4,20.8,21.35266426
658,25.2,20.6,17.61237112
616.1,25.9,21.2,14.34058217
624.1,25.7,21,8.26399049
628.5,25.7,21.1,3.673155967
761.2,25.3,20.7,3.709040282
782.4,25.4,20.9,7.728915395
608.9,25.8,21,10.55213833
642.7,12.1,7.9,0
880.4,12.2,8.6,0
525.8,12.7,8.7,0
778.7,12.5,9.1,0
631.9,11.6,7.7,0
748.6,11.9,8.7,0
961.9,11.3,8.5,0
888.3,11.6,8.6,0
938.7,11.9,8.9,0
779.4,12.7,9,0
894,11.6,8.4,0
959,11.9,8.7,0
759.4,11.9,8.3,0
601.9,12.3,8.6,0
713.1,12.3,8.6,0
622.9,12.5,8.8,0
1059.2,11.9,8.6,0
719.3,12.1,8.4,0
758.7,12.4,8.6,0
828.5,12.1,8.5,0
878.2,12.9,8.9,0
919.2,12.2,8.6,0
748.6,12.5,8.6,0
682.9,12.8,8.7,0
782.7,12.7,8.9,0
2054.1,25.5,24.7,152.1879208
2334.5,25.5,24.4,154.0648879
2294.6,25.3,23.9,157.2083561
1964.7,25.4,24.3,160.1323146
2407.7,25.3,24.1,162.9720234
2218.7,25.5,24.8,162.7274489
2409.5,25.6,24.4,163.2327147
1965.2,25.7,24.5,161.0944135
2436.3,26.1,25.4,160.9067692
2676.7,25.6,24.6,158.5732815
2345.3,25.6,24.7,155.7487547
2534.5,25.5,24.4,157.0575941
2427.5,25.6,24.5,156.0015169
2534.3,25.7,25.1,155.1705753
2498.7,25.8,25.1,155.3236978
2145.2,26,25.2,152.2625018
2696,25.8,24.9,143.4320829
2335.3,25.8,25.1,131.9264252
2446.1,25.3,24.3,121.0192554
2399.7,25.6,25,107.8031749
2798.7,26.1,25.8,97.39717606
2488.4,25.6,24.9,88.25656541
2139.3,25.4,24.8,69.16456411
2380.7,25.7,25,60.20374342
2622.7,25.6,24.9,61.98950007
50,22.4,11.1,0
69.8,22.2,10.8,0
47.1,21.4,10.4,0
44.2,22.2,10.9,0
72.2,22.3,11,0
54.2,22.2,10.9,0
51.5,22.4,10.9,0
53,22.5,11.1,0
48.7,22.7,11.2,0
31.9,23,11.5,0
49,22,10.9,0
46.8,22.9,11.4,0
52.9,22.9,11.5,0
51.6,22.8,11.4,0
48.6,22.9,11.2,0
50.6,22.7,11.2,0
44.8,22.5,11.2,0
41.3,22.8,11.3,0
50.6,23,11.5,0
40.3,23,11.4,0
35.8,23.8,11.8,0
47.1,22.4,11.1,0
38.6,22.8,11.3,0
45.5,22.8,11.3,0
44.7,22.9,11.5,0
873.7,22.5,19.3,242.2193721
1156.8,22.1,19.1,239.2444443
757.3,22.5,19.4,235.2690157
1026.9,22.2,19.2,231.7837175
838.9,22.4,19.7,225.8320079
933.5,22.7,19.9,220.6231977
1157.7,22.3,19.6,212.988503
1219.3,22.6,19.8,203.288356
827.4,22.9,20,198.5143986
1306.4,22.3,19.4,196.4349004
1075.9,22,19.4,158.3236738
1056.8,22.4,19.6,137.561065
1039.7,22.5,19.8,119.8228937
1067,22.6,19.8,110.9741825
1213.7,22.3,19.5,102.2527746
928.6,23,19.9,95.75855423
1108.4,22.4,19.7,102.0531477
1185.5,22.5,19.6,109.2084077
1083.2,22.3,19.5,114.81391
1154.9,22.5,19.8,109.1067651
1046.3,23.1,20.1,82.85316039
1174.4,22.5,19.8,67.11823792
1134.7,22.3,19.5,58.61446789
1139.8,22.5,19.7,57.56799125
1110.5,22.6,19.8,62.06941419
227.1,29,14.1,205.7861
277.5,28.4,14.1,200.6676082
261.5,28,13.5,194.1970755
264.5,28.6,14,189.8558573
348.6,28,13.9,186.4182366
272.1,28.7,14.2,184.3589962
261.3,28.9,14.1,183.2542802
262.1,28.9,14.3,179.2691162
304.7,29.2,14.5,179.0826752
358.1,28.5,14.1,181.4247879
267.9,28.8,14,184.4605204
274.4,29.1,14.2,190.9329166
236.2,29.2,14.1,199.8793064
339.1,29.2,14.4,209.1257012
294.5,29.2,14.4,217.9450555
293.6,29.4,14.5,221.2759467
270.9,28.9,14,210.8135929
291.2,29.1,14.2,197.4144273
326.7,28.5,13.8,181.2670078
299,29.2,14.6,164.5217491
368.7,29.8,14.8,158.4171342
263.7,29.2,14.5,162.252053
318.3,28.8,14.5,174.253135
297.8,28.9,14.6,177.7329995
299,29.1,14.6,171.5552836
62.8,28.3,12.7,6.907893629
66.7,28,12.3,7.049838303
81.6,27.6,12.1,7.182132098
87.7,27.8,12.2,7.472567064
95.8,27.6,12.1,7.722342861
101.2,28.2,12.6,8.191496903
72.1,28.3,12.7,9.030493984
84.6,28.5,12.9,9.580504886
88.3,28.7,12.9,10.70631244
110.3,28,12.5,11.79921878
97.9,28.3,12.6,12.83956245
75.8,29,12.9,15.65391907
76.9,28.6,12.8,18.28667094
109.7,28.5,12.9,19.87729059
96.2,28.5,12.7,18.8021472
100.2,28.8,13,18.86362395
80.6,28.7,12.6,18.58924546
89.1,28.5,12.5,17.08002539
106.9,28.4,12.7,16.25843355
99.4,28.6,12.8,15.16482589
133.4,29.3,13.2,9.072703066
82.2,28.7,13,7.656472807
103.9,28.3,12.8,7.080340461
108.8,28.8,13,6.743792488
87.8,28.5,12.9,6.326640809
288.6,17.7,12,0.019508437
344,16.8,11.2,0.019494201
305,16.8,11.1,0.019343375
294,16.7,11.1,0.019553423
236.4,17.5,11.8,0.019750746
302.7,17.9,12.1,0.019718586
552,17.4,11.7,0.020062016
336.5,18,12.3,0.020593658
241.6,17.7,12,0.020633534
302.3,17.4,11.8,0.020813065
237.2,17.7,11.9,0.020796541
224.5,18.4,12.2,0.021074034
384.5,17.9,11.9,0.02130493
382.9,18,12.2,0.021472943
308.6,17.6,11.9,0.021493553
237.1,17.8,11.9,0
349.4,18.1,12.1,0
302.2,17.7,11.8,0
367.2,17.6,11.9,0
348.6,18.1,12.2,0
479.2,18.5,12.3,0
375.6,18.1,12.2,0
350.6,17.9,12.1,0
259.6,17.9,11.9,0
312.9,18.3,12.3,0
802.9,24.2,21.9,241.4508367
993.2,24,22.1,236.510448
693.2,24.5,22.3,231.5630724
955.2,24.2,22.2,230.1958197
837.7,24,22.3,225.7761265
872.1,24.4,22.8,223.420691
1030.1,24.1,22.4,221.0244148
1160.1,24.1,22.6,216.7424026
985.3,24.6,22.9,215.5747423
1114.8,24.1,22.4,212.7859045
1229.1,23.9,22.2,205.0310241
1154.6,24.2,22.4,200.5450443
910.8,24.5,22.6,191.3819915
937.9,24.4,22.6,179.6164555
1096.8,24.3,22.5,165.3042992
886.7,24.9,22.9,148.4757983
858.8,24.3,22.6,142.7004547
1000.2,24.5,22.6,127.7304846
1000.6,24.3,22.4,103.9219911
891.1,24.4,22.7,103.3474976
911.3,24.9,23.1,101.0501137
1041.1,24.5,22.7,96.47798691
986.4,24.3,22.3,93.86067713
989.2,24.4,22.6,85.24233376
1044.9,24.5,22.8,74.93678788
258.7,20.3,12.3,8.269768442
303.5,20.4,12,7.766455161
131,20.6,12.2,7.474077488
278.7,20.6,12.1,7.241258646
205.5,20.4,12.5,6.883272776
163.6,20.6,12.4,6.831654891
192.7,20.2,12.6,6.73969836
301.4,20.6,12.3,6.80270338
169.5,20.5,12.4,6.903672434
251.2,20.5,12.6,7.278804611
315.8,20.5,12.4,7.236646264
283.1,20.4,12.2,6.755691723
280.7,20.3,12.4,6.678414702
274,20.6,12.4,7.050495659
287.5,20.6,12.6,8.222062273
257,20.8,12.4,8.861376306
408.1,20.4,12.7,8.851606088
272.1,20.4,12.2,7.632246018
273.4,20.3,12.1,6.893182055
325.7,20.9,12.1,5.51910581
281.5,20.9,12.7,4.341346419
350.7,20.6,12.5,4.196162825
298.2,20.6,12.3,4.179644587
230.1,20.9,12.4,4.069761631
324.6,20.7,12.6,4.153986423
115.1,27.7,12,215.2228711
155.2,27.6,12.1,212.7841722
143.6,26.8,11.2,209.3321847
131.2,27.4,11.7,207.6985513
206.5,27.1,11.8,203.0270411
129.1,27.6,11.9,201.0980109
119.1,27.8,11.9,197.73064
153.4,27.8,12,193.7378403
174.7,28.2,12.3,192.4973618
214.9,28,12.1,191.9394058
135.6,27.3,11.8,190.3507272
139,27.7,12,189.0342263
130.9,27.9,12.1,192.3629714
188.7,27.9,12.2,197.4617991
174.4,28,12.3,202.8278923
175,28.1,12.2,225.2349327
144.1,27.8,11.9,202.4257359
173.4,28,12.2,214.1167826
172.5,27.6,12.1,228.9616108
144.7,28.6,12.6,234.8443118
178.2,28.7,12.7,233.9423716
145.3,28.2,12.1,231.4762066
208.4,28,12.2,215.1603314
171.4,28.1,12.2,196.7082162
145.1,28.3,12.4,182.950967
1092,27.4,21.5,207.8931785
1210.2,27,21.5,212.0066302
1116.4,26.6,20.3,212.9732632
1096,27,20.9,215.9804666
1204.1,26.7,20.7,215.8702607
1186.6,27.1,21.2,213.7499396
1265.2,27.1,21.3,213.0873363
1225,27.1,21.3,210.4530895
1156.3,27.6,21.8,211.886983
1244.1,27.2,21.2,210.4170639
1156.4,26.8,21,206.9650594
1083.1,27,21.1,207.9805643
1073.5,27.2,21.3,205.9064776
1310.8,27.4,21.8,209.2518891
1173.6,27.3,21.9,202.9296639
1077.7,27.5,21.9,197.9106463
1168.1,27.4,21.7,205.0266182
1250.6,27.4,21.7,205.5065325
1323.5,27.1,21.3,208.093702
1149.2,27.8,22.4,190.691085
1164.9,27.8,22.4,174.9740114
991.7,27.4,21.6,161.6343869
1260.5,27.3,21.7,149.8951697
940.9,27.4,21.9,144.1916597
1107.7,27.6,21.9,138.0889174
1171.2,18,16.7,114.6905995
1150.6,18.2,16,120.237959
1129.2,18.2,16.3,122.401659
1027.5,18.1,16.1,123.7556793
1261.6,18,16.1,122.8118713
1174,18.6,16.8,122.1965755
1176.8,18.3,16.4,122.359264
1268.9,18.7,16.9,122.6866348
1353.6,18.4,16.8,119.0740317
1059.1,18.3,16.4,118.3798163
990.7,18.6,16.7,115.0676426
1164.7,18.9,17.5,114.3996927
1328.6,19.2,17.7,105.8020128
1073.7,19.4,18.1,83.65721614
1035.6,18.9,17.2,49.4016298
1082.1,19.5,17.7,30.22687373
1208.2,18.9,17,19.76902307
1434,18.7,17.1,17.1133109
1070.3,18.6,17,18.65952182
1352.7,19.2,17.6,20.24621429
1399.5,19.2,17.4,22.74948484
1249.4,18.8,17.3,23.11213238
1148.7,18.6,16.8,23.19403231
1278.8,18.7,16.8,22.13404751
1214.3,19,17.1,22.00118072
552.6,28.5,19.9,111.7757982
558,28.2,19.5,112.0378543
577.7,28.2,19.3,109.9840319
600.8,28.4,19.9,108.8978136
761.6,27.9,19,108.518301
642.2,28.2,19.7,106.48401
642,28.5,20,106.8315979
640.9,28.6,20.2,104.0134901
657.5,29.1,20.3,103.1304064
834.4,28.1,19.6,102.0031176
756.9,28.3,20,103.2448933
599.5,28.6,19.8,105.1974552
488.1,28.6,20,103.7073067
825.2,28.6,20.1,98.80732234
658.6,28.7,20,81.57417413
790.7,28.8,20.2,64.11831541
651.9,28.6,19.8,53.60203872
617.6,28.7,19.7,47.16889772
796,28.6,20,46.27716922
805,28.3,19.9,44.05796485
919.2,29.1,20.4,40.11589814
656,28.6,19.9,34.39749403
801.4,28.4,20,28.13544649
764.1,28.7,20.2,23.945459
634.1,28.6,20,24.12786174
1730.6,27.2,28.2,0
2048.2,27.3,28.2,0
2477.2,27.2,28.1,0
1915.8,27.1,28.2,0
2404.2,27.3,28.3,0
2129.3,27.2,28.2,0
2006.6,27.2,28.1,0
2160.9,27.5,28.3,0
1797.4,27.4,28.3,0
1892.8,27.2,28.1,0
2101.2,27.2,28.2,0
1923.9,27.3,28.2,0
2327.8,27.3,28.3,0
2455.3,27.4,28.2,0
2234.4,27.2,28.3,0
1906,27.3,28.2,0
1955.9,27.2,28.2,0
1759.8,27.4,28.3,0
1635.3,27.3,28.3,0
1977.7,27.4,28.3,0
1730.6,27.6,28.5,0
1596.4,27.5,28.4,0
1487.3,27.4,28.3,0
2075.5,27.5,28.4,0
2054,27.5,28.5,0
2263.5,26.3,25.8,230.8287719
2395.4,26.3,25.6,236.0179499
2656.9,26.1,25.2,242.1593533
2458.2,26.3,25.6,248.9757504
2527.3,26,25.2,256.2285246
2581,26.3,25.9,262.9097038
2372.3,26.4,25.7,268.4270864
2405.1,26.4,25.8,272.0815673
2644.1,26.9,26.6,277.6015274
2549.8,26.5,25.9,281.6880148
2490.2,26.4,26,279.4422882
2410.3,26.5,25.8,281.1541511
2476.2,26.4,25.8,283.1298139
2649.3,26.5,26.2,281.4409508
2585.6,26.7,26.3,278.4810186
2295.6,26.9,26.5,270.7315718
2475.3,26.7,26,259.9379669
2235.9,26.6,26.1,254.095372
2397.6,26.4,25.6,250.6293926
2358.8,26.4,26.1,231.0203355
2804.7,26.8,26.6,207.8775574
2482.4,26.5,26.1,189.9190519
2479.1,26.4,25.9,171.2669142
2517.9,26.5,26.2,156.863929
2562.6,26.5,26,147.1985632
288.1,27.3,24.7,48.62665994
220.8,27.2,24.4,48.82026867
224.9,27.2,24.3,48.93864002
246.8,27.1,24.1,48.78235316
262.8,27.1,24.3,49.38359236
276,27.3,24.6,51.11772493
214.8,27.3,24.4,49.48538117
356.1,27.2,24.2,49.03769756
225.7,27.5,24.8,49.02999965
250.9,27.1,24.2,48.05770377
259.1,27.2,24.2,45.09764053
238.7,27.2,24.3,47.59859921
275.2,27.4,24.6,49.88425861
269.1,27.6,24.8,49.83497517
285.7,27.4,24.5,47.83932205
263.8,27.4,24.4,50.7077553
281.2,27.4,24.5,48.30093955
287.7,27.4,24.6,31.47301539
263.4,27,24,19.23322864
254.5,27.7,24.8,12.14889597
244.6,27.5,24.7,10.13433021
292.6,27.5,24.6,10.61072075
258.1,27.4,24.5,17.37214501
302.3,27.4,24.5,26.62334714
259.8,27.5,24.6,25.66258249
402.6,18,12.2,0.585001527
513.9,18,12.6,0.593391561
327.6,18.5,12.7,0.597808524
454.8,18.5,13,0.586529821
397.4,17.9,12,0.598740488
517.5,18.1,12.7,0.595602865
589.1,17.6,12.5,0.599943625
511.1,17.9,12.6,0.611842755
503.4,18.3,12.9,0.627635455
451.3,18.7,13.1,0.636920984
624.7,17.8,12.4,0.658981755
562.4,18.1,12.8,0.623681571
433.1,18.1,12.5,0.590272994
376.8,18.5,12.7,0.553075652
491.4,18.6,12.8,0.509203894
415.5,18.7,12.9,0.46595997
607.4,18.3,12.6,0.429360159
431.7,18.5,12.5,0.384856571
447.6,18.6,12.7,0.351391008
487.9,18.6,12.8,0.32649016
469.7,18.9,13,0.305739595
562.5,18.3,12.6,0.290856527
484.1,18.4,12.6,0.280077209
439.6,18.5,12.7,0.276946774
494.1,18.7,12.9,0.280775111
309.7,27.7,15.2,11.64148024
452.6,27.4,15,12.16211086
398.3,26.7,14.6,12.13593203
411.5,27.5,15.1,12.38719707
450.1,27.1,14.8,12.60641203
426.9,27.5,15.1,12.79503094
411.8,27.7,15.2,13.31786851
414.9,28,15.4,13.53835386
437.2,27.8,15.3,14.12027547
493.9,27.6,15,14.62621335
427,27.6,15,15.29580043
405.5,27.9,15.4,15.2904157
392.5,28.2,15.6,14.68510152
465.7,28.2,15.6,14.12770367
367.2,28.3,15.5,14.11347589
407.2,28.5,15.7,15.16257451
454.7,28.2,15.6,11.26251443
497.7,28.3,15.7,9.684279709
441.9,28.5,15.7,8.279465101
346,28.8,16,7.562635931
464.7,29.2,16.2,6.919198547
401.2,28,15.4,6.50014173
430.2,28.2,15.5,6.584253062
444.7,28.3,15.6,6.878667628
462.4,28.2,15.7,6.954293418
703.8,21.7,17.8,0.012029413
727,21.8,18.6,0.012223802
488.6,22.5,18.8,0.012469985
711.5,22.2,19.1,0.012738017
620.6,21.4,17.5,0.013345774
712.6,21.9,18.8,0.0150654
827.7,21.6,18.6,0.017760418
903.6,21.6,18.9,0.021245048
905.9,22.2,19,0.025133324
984.4,22.1,19,0.031473976
533,21.4,18.6,0.019291478
814.4,21.7,18.7,0.017283317
532.6,21.9,18.4,0.014375249
645.8,22.2,18.8,0.011996002
882.1,22.1,19,0.011213182
659,22.4,19.1,0.012440039
899.2,21.9,18.9,0.021384646
639.7,21.9,18.7,0.016882813
716.2,21.9,18.8,0.012961431
814.5,21.8,19,0.019431454
644.7,22.6,19.3,0.026628273
740.2,21.9,19,0.028231506
888.3,22,18.8,0.019536222
723.7,22.4,19,0.016084904
780.6,22.4,19.2,0.016376499
1006.6,22.6,20.4,134.2908283
1094,22.6,20,132.409401
988.9,22.7,20.4,128.7199152
916.4,22.5,20,126.2904185
1052.6,22.6,20.4,125.5570276
961.8,23,20.7,126.0146244
934.7,22.9,20.4,127.7129076
1141.7,23.2,20.7,128.8232078
1044.5,23.1,20.8,131.5695417
967.7,22.9,20.3,133.8260159
893,22.9,20.4,134.6096926
903.3,23,20.8,135.4647377
1255,23.4,21,130.6734685
848.4,23.5,21.2,112.0735397
1007.7,23.1,20.7,92.37879242
968.2,23.4,20.8,82.77097637
1178.4,23.2,20.9,68.22800625
1016.4,23,20.8,51.79243443
936.3,22.9,20.6,43.63612869
990.9,23.3,21,46.32094342
997.5,23.5,21.1,49.14064582
1053.3,23.2,21,40.0983911
852.4,23,20.7,30.86981133
973,23.1,20.7,29.66062998
1035.4,23.3,21.1,30.59910884
997.2,27.9,24.6,134.3695039
1303.3,27,25.1,131.210793
988.8,26.9,23.5,127.5134781
1096,27.1,24.4,125.2384222
1201.4,27,24.3,120.6783808
1239,27.3,24.8,117.8965779
1104.6,27.2,24.8,114.4629349
1213.4,27.2,24.8,111.3194268
1107.3,27.8,25,110.8186537
1282.1,27.2,24.7,110.0922801
960.4,27.4,24.2,110.6261602
904.1,27.5,24.3,111.5709198
1186.9,27.5,24.7,122.7362622
1312,27.7,25.3,133.0103566
1142.8,27.5,25.7,138.6942251
1092.9,27.7,25.9,143.9009343
1080.6,27.6,25.6,144.6565993
1308.8,27.4,25.5,145.9377563
1349,27.4,25.1,142.2462092
1240.5,27.7,25.9,136.0992851
1378.3,28,26.3,128.8900342
1136.5,27.6,25.4,124.328946
1166.2,27.5,25.2,118.716509
1036.7,27.6,25.3,112.7947236
1210.9,27.9,25.4,107.8466003
446.1,20,14.3,0
308.6,19,13.4,0
382,19.1,13.4,0
229.1,19.6,13.7,0
281.2,20.7,14.5,0
349.6,19.9,13.7,0
356,19.7,13.7,0
358.9,20.4,14.3,0
249,20.1,13.9,0
315,20.7,14.6,0
201.3,20.2,14.1,0
256.7,20.7,14.6,0
244.9,20.5,14.3,0
471.8,20.7,14.7,0
301.7,20.2,14.1,0
308.3,20.1,14.2,0
381.6,20.5,14.1,0
331.4,20.5,14.2,0
214.9,20.6,14.7,0
351.3,20.5,14.9,0
286.8,20.8,15,0
354.1,20.3,14.1,0
244.4,20.8,14.7,0
310.4,20.7,14.5,0
274.9,20.9,14.7,0
1105.5,23.3,19.9,315.726293
1199.2,23.1,19.4,312.938599
1077.2,23,19.5,305.8101164
1006.5,23.1,19.3,300.5699687
1227.6,22.8,19.5,292.8778826
1138.5,23.7,20.1,285.6000855
1293.5,23.4,19.7,278.5454502
1239.5,23.9,20.2,269.2676021
1169.4,23.4,19.9,264.9119559
1204.1,23.4,19.5,260.0894006
1091.3,23.9,20.1,255.1527631
1150.4,24.4,20.7,250.2369473
1249.2,24.9,21.4,242.7167749
1113.6,24.8,21.2,238.5369878
1159.3,24.2,20.6,236.0795015
945.4,24.4,20.7,221.1771586
1282.5,24.3,20.7,201.1029149
1415.7,24.1,20.5,187.8307495
1157.3,24.1,20.5,174.1260004
1109.7,24.8,21.1,155.705705
1384.3,24.5,20.8,143.4442503
1230.5,24,20.6,121.7014987
1377.7,23.6,20,91.13137641
1443.4,23.8,20.4,69.03301861
1157.7,23.9,20.2,59.73771838
873.9,22,17.2,101.2333372
956.8,21.6,16.9,103.7391214
783.3,22.1,17.2,103.735236
969.4,21.7,17.2,102.1231137
772.7,22.2,17.6,98.73470718
781.8,22.5,17.9,95.7019161
951.5,22.3,17.5,91.60237304
1049.9,22.5,17.8,88.14113081
986.4,22.5,17.9,88.04036765
776.4,21.8,17.2,88.79030622
1082.1,21.8,17.2,88.49873382
1092.8,22.1,17.6,91.7127637
953.1,22.4,17.7,87.87149999
1043.7,22.5,17.7,81.07978663
1149.1,22,17.5,70.48974193
878.6,23.1,18.1,50.35178985
1018.7,21.6,17.4,39.46625105
1018.3,21.7,17.3,36.55093969
1013.7,21.7,17.2,28.42520663
1025.9,22.1,17.4,28.59439115
1142.2,22.5,17.8,29.23265351
963,21.8,17.2,25.76852024
1129.1,21.9,17.3,27.56319942
1001.6,21.9,17.4,35.57082463
1011.7,21.9,17.5,35.28114432
637.8,21.6,17.4,5.27888118
528.5,21.5,17.5,4.775967601
468.7,22.1,17.9,4.599388981
693.1,21.5,17.8,4.426717856
485.4,21.3,17.4,4.164309315
458.8,22.2,18.3,4.173522243
736.9,21.5,17.9,4.110465886
828.7,21.5,17.8,4.112159785
708.2,22.1,18.2,4.120665715
698.2,21.3,17.6,4.909755375
932.1,21,17.5,5.22563029
897.8,21.3,17.7,5.867822704
431.1,21.9,17.9,6.96034398
631.7,21.7,17.7,7.96606569
754.3,22,17.9,9.027526803
678.5,22.9,18.7,9.163016368
632.5,21.5,17.7,9.77657799
675.7,21.7,17.7,9.69165345
695.7,21.9,17.8,9.730610858
642.8,22.1,17.9,8.947100871
762.9,22,18.4,9.526742699
735.6,21.7,17.9,9.605175799
627.4,21.8,17.7,9.307530346
638.5,21.5,17.7,9.036885767
674.1,21.6,18,9.33330184
